alpha,beta,aromatic,idx
1.5737534603656917,3.10432045846582e-05,True,0
0.054047852759116374,-0.21550615700064416,False,1
1.5696320613842791,0.0005907088316434827,True,2
1.5708441361550591,-0.016975616293091248,True,3
1.5969943718363977,0.047860616244629416,True,4
1.5775599918400978,0.009516225940247175,True,4
1.9655153938270868,-0.001545296321130218,False,5
1.534772703076242,0.128174629769641,False,6
1.5636097401742686,-0.0015887843311386766,True,7
1.5696107692221553,0.00021674669689011726,True,8
1.569094339315993,0.03606560798082826,True,9
1.6192209134503524,0.04870512089682563,True,10
1.6191507510740604,0.04867900330717206,True,10
1.5729272704283144,-7.57019618613459e-05,True,11
1.5707843634137213,-9.559863180782919e-05,True,12
1.5492638202060987,0.05414107666897691,True,13
1.5643212866691882,0.02313961083877693,True,14
1.5702251854470233,-3.813152975191872e-05,True,15
1.5707484586034595,-0.00919769771051274,True,16
1.578271638714518,-0.015478441648087206,True,17
1.5654071311086424,-0.010186895357716464,True,18
1.5980946632055577,-0.09269379390889647,True,19
1.5708023513755682,0.054952717091650415,True,20
1.5711680980181162,0.05498079503554791,True,20
1.5674130306585083,0.0025718794550868844,True,21
1.5760791095912303,-0.0026317578810420034,True,22
1.5708246146624802,-8.30351719813034e-05,True,23
1.570535368880164,-0.00011444377377499471,True,23
1.5710171577701384,8.765634907439179e-05,True,23
0.02132404432010773,1.803009677373497,False,24
1.5656447039800903,-0.028455233972999823,True,25
1.5694123696050042,0.008812236979541171,True,26
1.5509576988738412,-0.026616304798271755,True,27
1.5724460056003526,-0.0003696985165179572,True,27
1.5895699349656196,0.027145757997643488,True,27
1.5619491015400226,-0.0011388699338008427,True,28
1.5688233982876467,-0.0008727728872731163,True,29
1.5682539615591768,-7.83177756578553e-05,True,29
1.594759373753326,-0.003827563772572193,True,30
1.6479818598826768,0.032884362550012154,True,31
1.5707489746045469,0.014268606056501673,True,32
1.5643567815719115,0.027928668275902006,True,33
1.5711455180019924,-4.733345634890283e-05,True,34
1.5709041395771381,-9.941632409290773e-05,True,35
1.4810705227808283,-0.02445400982109106,True,36
1.5712804559111777,-0.03365309324934117,True,37
1.7939460160951237,-0.13226571066226625,True,38
1.5767830304191495,-0.001976557869536076,True,39
1.5732475805363075,-0.000671278430731264,True,41
1.5732787647000634,-0.0007616147055558628,True,41
1.5729260633009456,0.0016249569545810152,True,42
1.568783338112846,-0.0013745853050029211,True,42
1.5712283426344116,-0.000816812288799912,True,43
1.5688787008823275,0.019496093278316202,True,44
1.5653959404919475,0.02567349802921255,True,44
1.774074255890429,-0.008516603524472945,False,45
1.562001541056847,-0.013210128518601835,True,46
1.6296410210562515,0.020849427481678576,True,46
1.5700887827536287,3.91500874568131e-05,True,47
1.5689670101776092,-0.030836722968105797,True,48
1.5686912644813924,-0.04352560938623541,True,49
1.5650107697857696,-0.0005710871694119691,True,50
1.5762881969726243,0.0006426421816702418,True,50
1.568518836449303,0.03172399692926442,True,51
1.5706845661935838,0.027832443729150416,True,52
1.572701917837011,-0.021110239582628282,True,53
1.5724933672372565,-0.02102421912241609,True,53
1.5720616681603319,-0.021043375463795522,True,53
1.573352126012341,0.0008308688211674385,True,54
1.570841941524344,0.02795127762176551,True,55
1.0824591590527535,-0.15243930221353408,False,56
1.7093584596030638,0.10427114734034673,True,57
1.5594397716617125,0.027691783917565205,True,58
1.5885727142900405,-0.007309269658203238,True,59
1.588541288525422,0.0073324493255947235,True,59
1.5883074504005203,-0.007047482997356713,True,59
1.5884563252896402,0.007262508628454477,True,59
1.5807237780667758,0.016418751442814548,True,60
1.5368957543155624,0.0031450485620639172,True,61
1.5757346080757386,-0.03420900475753848,True,62
1.5702853893310684,-0.00031387237962486435,True,62
1.563535243866981,0.05097220663576016,True,63
1.5698915896947034,-4.280928070969738e-05,True,64
1.5655047208086266,-0.003581279108162429,True,64
1.3625228225483004,0.021861742395619898,True,65
1.569325655418291,-0.006992725826057011,True,66
1.5706634436483675,0.023404466660989037,True,66
1.5615160496325402,0.0016306491971558063,True,67
1.570352649281971,-0.006816610600383724,True,68
1.5707249300287767,0.0063409722984133715,True,69
1.5736504155434885,0.000186553208208055,True,70
1.6741124096187894,-0.050297976172094104,False,71
1.552153023416893,0.020409029211061292,True,72
1.6076030340619838,-0.10014079780522493,False,73
1.5131564602696372,-0.019425436296533306,True,74
1.565429301230115,-0.003701243034458083,True,75
1.58666500607615,0.002496591693947104,True,76
1.4692873338939123,-0.005069821177796051,True,77
1.5714117636784557,0.00535647631092282,True,78
1.5731699810283641,-0.002977554484037741,True,78
1.5691053472291925,0.022796605962359176,True,79
1.593456297778345,-0.01385895597103618,True,80
1.5479249895812173,0.01406027656582173,True,80
1.541867553031049,0.049008500221441216,True,81
1.599839885771169,-0.04866034703592982,True,81
1.5417808751071478,0.04873283642074813,True,81
1.541768408172808,0.048732157320316764,True,81
1.8601942833632505,0.011564971275851132,False,82
1.586970603745969,-6.712848933096684e-05,True,83
1.5687636361141633,-0.0012283253586960316,True,84
1.5687883601351733,0.0005344187355576871,True,84
1.5730912063199882,0.0316909370372493,True,85
1.568306906224547,0.03536689080674239,True,86
2.6886886754702624,-0.48093019535546444,False,87
1.5708133388715575,-0.06683040712678251,False,88
1.5743787195928705,0.010344563380070955,True,89
1.5707149400601466,-0.04219442664700687,True,90
1.5700881695928723,-0.023156339293553332,True,91
1.5604222537403645,-0.0008322762502394997,True,92
1.5614293358666795,-0.0006987266330203786,True,92
1.6043982914212658,-0.030194295580259316,True,93
1.5675538785222762,-0.029110267402257414,True,94
1.5915657469728068,0.01358228788790546,True,95
1.5270432920035544,0.06855306743481188,True,96
1.5243573560354053,-0.03254632037546667,True,97
1.573239957745553,-0.0013773085056667327,True,98
1.5689602502378377,0.001205766603799444,True,98
1.5729243654833491,-0.001274313255381804,True,98
1.5764738823618047,0.012826744772371012,True,99
1.5984232916425283,0.030913514787419275,True,99
1.5669253702413937,-0.04522416693981625,True,100
1.5737013294755133,0.03419353820508771,True,101
1.5853978912499924,0.0443312848343874,True,102
1.4553200847634218,0.07263483385519255,False,103
0.9755027850527705,0.043745963213392795,False,104
1.555611133397013,-0.08260418963946044,False,105
1.5555287063729195,0.0828877679596114,False,105
1.5683250817776433,0.025325650125268877,True,106
1.5776986587340607,0.0020184157970250796,True,107
1.548077454917131,-0.10570347241790878,True,108
1.569680874297734,-0.025198300521840234,True,109
1.5772879445925525,0.001751454786068291,True,110
1.6083402621363498,-0.04862030544480468,True,111
1.5705221645780438,0.015013395298014544,True,112
1.569079506581521,-0.03656297616576003,True,113
1.5729973766578667,-0.03149473264728816,True,114
1.5622671122868097,0.002868358802121822,True,115
1.57707340527913,-0.0007234505202619716,True,116
1.5689604053604886,-0.025006596671113254,True,117
1.570912181513009,0.0033189532803445075,True,118
1.5793371684549404,0.00019506804195264303,True,119
1.561416338784183,-0.05393828155599905,True,119
1.5634602037353447,0.05273633256769803,True,119
1.5710739935376314,-0.001964794946814863,True,120
1.580318371884279,0.015933382145775974,True,121
1.6127633667346437,-0.027244659360515885,True,122
1.554711927437582,0.07595700221954564,True,123
1.522056099628345,-0.07871685633302902,True,124
1.6139671543501424,0.002096798384182201,True,125
1.570457691638418,0.0003430856219546561,True,126
1.5707584398114107,0.030898681087038783,True,127
1.5708804183024812,0.00785277475972703,True,127
1.6478163999908897,-0.04322014084031697,True,128
1.5593341474310858,0.014748883972457305,True,129
1.580631653506647,0.026920660691788206,True,130
1.5935046443977934,-0.026546269998285854,True,130
1.6200721928274902,-0.08847476692355599,False,131
1.5709968126277711,0.012374182529202131,True,132
1.5232050047800139,-0.10679253297253306,True,133
1.5711604495540863,0.10040664470507542,False,134
1.370627129174916,0.004755775130731416,False,134
1.5684684949508976,0.036017849169231335,True,135
1.5721591987880985,0.000283000249229033,True,135
1.572677530049831,-0.016101496712881087,True,136
1.5710313289542857,-0.005115624675484834,True,137
1.2543298182597293,-0.02705476916496948,False,138
1.5804506406729988,0.09121854696262285,True,138
1.5871137890426534,-0.08220303893890475,True,140
1.2980819672639927,0.04676238795360409,False,141
1.5986421769289774,-0.030118851980647832,True,142
1.5991977298240116,-0.030230324027150896,True,142
1.5433525716551664,0.03011084974736114,True,142
1.579169690366183,0.02185475659943558,True,143
1.5369482387594133,0.06653421247161077,True,144
1.5546655939134548,0.1101871060972463,True,144
1.5882428226460092,-0.032905966472255334,True,145
1.596250121690517,0.061052249806965234,True,146
1.5785655521659894,0.01463634156204213,True,147
1.575342012633642,0.03153229640118904,True,148
1.5552426896651101,0.10614198106338847,False,149
1.5707872257808149,-0.036492819889601416,True,150
1.586369008357515,0.027094747525061833,True,151
1.576229833196308,-0.00361565753326329,True,152
1.5771620071652277,0.02361963277125813,True,152
1.57328724352718,-0.011749529399069931,True,153
1.5378626396722803,-0.10433365660524423,True,154
1.5975142474892459,-0.021826719936807282,True,154
1.5616616777104273,0.018651073223479607,True,154
1.5707838822479494,-0.04537119682508523,True,155
1.5707838847105107,0.04536666253843115,True,155
1.5483633045599354,-0.06052142126750445,True,156
1.5449947812552172,-0.06230916492097685,True,156
1.5786777471546383,-0.01357926004592998,True,157
1.5819181699767548,0.11803687226534088,False,158
1.5303985040939976,-0.003989009628542644,True,159
1.5811156533343276,0.0022271673569004787,True,160
1.546192176608566,-0.013082591751639498,True,161
1.5707370581110927,0.005515249642351836,True,162
1.570773059362781,-0.00495341188239627,True,162
1.5709547800015116,0.04524494073109497,True,163
1.567114741361424,-0.0007534236703576619,True,164
1.5618897461207937,0.017219352838470148,True,165
1.5710285464831755,0.0011174740568410133,True,166
1.5765987537492672,-0.0008519616186651222,True,167
1.565355546702822,0.0006089542077626816,True,167
1.5764024327940749,-0.0006332816625009911,True,167
1.5765740859418624,-0.0005673283080424914,True,167
1.5709213086982654,0.021830305378267457,True,168
1.6170128146888816,0.05000185931199648,True,169
1.5686791001204707,-0.0011441383631932151,True,170
1.5650218061322674,-0.0023378455161216878,True,171
1.565143743770025,0.002404275771274696,True,172
1.5828000925699448,-0.0037871356036541055,True,173
1.5697562039379727,8.128629486053522e-05,True,174
2.979151549398658,-0.852870721670099,False,175
1.5757907191845377,-0.0038028176906987955,True,176
1.544443390104989,0.024682536359445013,True,177
1.5786625804509107,-0.0012020478693407525,True,178
1.5871240300766873,0.00031245898231953544,True,179
1.5410563142326554,0.0016311332468071887,False,180
1.575994437853398,0.00035541953309355757,True,181
1.6225678780294146,0.07612095635973135,False,182
1.5717413637203321,-0.016027043320038306,True,183
1.5711821797663261,-0.007704475360021981,True,184
1.5706089671835428,0.007637224544700974,True,184
1.5597698473257577,0.0017701650321963538,True,185
1.6003088426330037,-1.2206049561823666e-05,True,186
1.5690702621096222,0.03036492285857228,True,187
1.5715842261414557,-0.0007164533502626146,True,188
1.550548693483839,-0.06703104978529804,True,189
1.550633824337568,-0.004072346088813169,True,190
1.5945505131684774,0.0042704417666031315,True,190
1.566765730521366,-0.020646099671699083,True,191
0.0749592075131068,-0.013279841167849589,False,192
1.5715749681135742,-0.0007192195851514836,True,193
1.5708316208725839,0.0017297888524575769,True,194
1.59554031134944,-0.071572409820068,True,195
1.3424491295525074,0.00016080709691790345,False,196
0.05288566268190763,3.139488949792901,False,196
2.9853413338990777,0.15898467384754306,False,197
1.5710618370292249,0.0008582902668066675,True,198
1.646383290017411,1.5059289076584589e-05,True,199
1.5944648586855361,-0.019256075104316758,True,200
1.5486803012958195,0.009540574063239025,True,201
1.570499674356544,-3.445426010499019e-05,True,202
1.5709888723715209,-3.178264301045571e-05,True,202
1.5756075508932987,0.002889229395306794,True,203
1.612708536266977,-0.0031288581509005637,True,204
1.5284154388005762,0.00302125475023085,True,204
1.5283057813744467,0.003128395423788044,True,204
1.562180783353468,-0.0377132442365132,True,205
1.5709158637941136,-0.004218392227642891,True,206
1.538941684416794,0.007087672193420771,True,207
2.1052860487597527,0.0775277267254772,False,208
1.571003588724711,-0.0007781687698523607,True,209
1.086210546309215,0.016601728011582325,False,210
1.086255314625422,0.016559311988360664,False,210
1.6260306081774474,-0.0005288083319855009,True,211
1.543041101613088,-0.05166248969989133,True,212
1.5718378972466842,0.0022890025894730178,True,213
1.5728736311018618,-0.03172137648232701,True,214
1.6179992100486107,0.04303604103782558,True,215
1.5707500676266632,0.010226619809067436,True,216
1.5675612126308096,0.0289945957075406,True,217
1.5328245063432948,-0.02538954235053531,True,218
1.5683456138350358,0.003900319489015221,True,219
1.5876565809084526,0.005648253544182463,True,220
1.5924296350484588,0.004214805496021505,True,220
1.5492970691861776,0.049433064843497236,False,221
1.5606215283244065,-0.06094705865419382,True,222
1.5857121232273437,0.0395263677178877,True,223
1.5508267485070881,0.03226639325767596,True,224
1.5534568458395264,0.06819364812192259,True,225
1.5693208905336549,-0.02503442840962189,True,226
1.5717254184930969,-0.0001929055161362348,True,227
2.0318800173112477,-0.04420313273945525,False,228
1.5788701619545829,0.01410313406072374,True,229
1.5968116775062706,0.011355897092601047,True,230
1.5976702337610889,0.011245353111069273,True,230
1.5022137069434272,-0.005112278934941149,True,231
1.5726522427545535,0.001535934775410734,True,232
1.5704665000894018,0.0020415536302436817,True,233
1.57068764170832,0.002768245754066762,True,234
1.5670916763241403,-0.019661966061420323,True,235
1.1480530064737302,-0.09659907368774887,False,236
1.5697400102000294,-0.02167273850800869,True,237
1.571985131577112,0.021723049427579324,True,237
1.5774229168392788,-0.0005235573613201666,True,238
1.5772512042311566,-0.0005817511162143197,True,238
1.577050636599519,-0.0005342756004708671,True,238
1.5812615140475157,0.0026645027296613713,True,239
1.6489358041237825,0.11919948038309786,True,240
1.5939556210696924,-0.09151255263060568,True,241
1.5767890343764825,0.029360705404826777,True,242
1.5691135862208816,0.02884075987174096,True,243
1.5704303738935004,0.0005176890648581801,True,244
1.5660466211459503,0.0014290970470820098,True,245
1.570880287975963,-0.006880490200488169,True,246
1.56660808642847,0.0022566008771705906,True,247
1.6152316494644967,0.02485109899333941,True,248
1.6043868654651627,0.024427865938290695,True,248
3.09077654589956,0.9404880528598829,False,249
1.5379038131208018,-0.08029339761114751,True,250
1.5540431368214582,0.021498667697987743,True,250
1.5667799852082798,0.008846366041399809,True,251
1.5730721034469453,0.030254369412476945,True,252
1.5707963267948966,-0.0333909719853447,True,253
1.562456230351895,0.04400486354303458,True,254
1.5582606730786541,-0.024897521198048334,True,255
1.5890833170557725,-0.009976471852464131,True,255
1.5709873544396398,-0.08578784044511573,False,256
1.5713566490660875,0.09187116647915669,False,256
1.5839431631355867,0.014882211592212789,True,257
1.5708092448420394,3.315992758241457e-05,True,258
1.5710262022742456,2.8519538893215167e-05,True,258
1.5978265902044315,0.07083072676758272,False,259
1.5694125215677506,-0.11063313118427295,False,260
1.56042324706757,0.08947734953576042,False,261
1.6250845475488256,-0.010021506131831658,True,262
1.5709499702045142,0.02476943005803413,True,263
1.5836315548630295,-0.054895831917141466,True,264
1.5681745577334643,0.026336699687583415,True,265
1.5665192637555538,-0.00016072689779129422,False,266
1.6415525363798789,-0.08254047935598406,True,267
1.5566917318581326,0.06355386936025083,True,267
1.474250509003979,-0.07804459972193228,True,267
1.5781395626328882,0.06344588972346711,True,267
1.5716606795875268,0.00025306110005473214,True,268
1.570215189692893,0.02001571340159872,True,269
1.5711038536956456,-0.0022488355012348716,True,269
1.5705634355064342,0.014603317387201347,True,270
1.5698757682494027,-0.00628580455214473,True,270
2.8502915192491893,-0.38834008840615897,False,271
1.5766704776924372,0.030499124914107528,True,272
1.5735165783598701,0.0031076158985903746,True,273
1.554430991684197,0.021818187387574815,True,274
1.560924278644512,-0.016876222515227447,True,274
1.57624728005734,-0.0035886171551264435,True,275
1.575665017888134,-0.00029833225250977584,True,276
1.5677493673215845,0.0021767558952923427,True,276
1.570376883779722,-0.0019619512826811267,True,276
1.6985400174788208,-0.004917211387954048,False,277
1.561709589657385,9.65948309635723e-05,True,278
1.5711395065337717,0.00025815246672704405,True,279
1.5715367811609215,-0.0002796827862792563,True,279
1.570441368333421,-0.000300552950253764,True,279
1.5702591229813905,0.0003489145857861036,True,279
1.571045960788379,0.00018752435482996164,True,279
1.5701345316411113,0.00034039536880205054,True,279
1.5702549349951072,0.0001784192048699457,True,279
1.5708549775815674,0.00041811256576640605,True,279
1.5709569061060045,-0.025650604938804562,True,280
1.5677792815188323,-0.03411277971044037,True,281
1.5705870028872093,-0.00010287518777565607,True,281
1.5708440655829328,0.0021266870553720623,True,282
1.581511722202109,-0.0044096198942495815,True,283
1.5683208036655787,0.0011364037587829113,True,284
1.5732981939198083,-0.0012074802555461347,True,284
1.5733963621788525,-0.0010168126890099346,True,284
1.5681827570472378,0.0012784229244722591,True,284
1.6145288719281163,-0.07578763556325574,True,285
1.5495615484514857,-0.04349873790881012,True,285
1.6016448042002558,-0.09361883673884425,True,286
1.551727743245583,0.04906149136144029,True,287
1.589910913044959,-0.049039447210475595,True,287
1.5790597428559434,0.026929734511709328,True,288
1.6093180939389071,-0.032820329997906114,True,288
1.553389676484877,-0.0024630878207485755,True,288
1.573460840152524,0.0019940107167647145,True,289
1.6193344985555913,0.10586137902344081,True,290
2.981426861861476,-0.19982829924476855,False,291
1.577382425438816,-0.0010824308301030012,True,292
1.5607418544615836,-0.00040107576267904343,True,292
1.6391762001205434,0.10017002907900756,True,293
1.5700024909178842,0.0007441861948066313,True,294
1.6228183872218773,0.05258051186010511,True,295
1.5748567863127756,-0.021098963824717064,True,296
1.5339184014374603,0.03218478460658781,True,297
1.5813856627922147,0.03256533431721164,True,298
1.5700243956960647,-0.046688258033931555,True,299
1.572226172590957,0.028491259520583963,True,300
1.5710086911831267,0.0002602654140823499,True,301
1.5618617450160746,0.005968418252953052,True,302
1.6538162665807952,0.11918355143140152,True,303
1.5652418708150226,0.03210927180978232,True,304
1.0156487594008798,-0.08560037218947772,False,305
1.5762372038921277,-0.0006556168238243995,True,306
1.5721676828137223,0.025742896875551903,True,307
1.5796800194501137,-0.0004888250494821494,True,308
1.5739754980635028,0.021556434380440595,True,309
1.5508698906587177,0.04883640461234853,True,310
1.5723304350283547,0.046804011598403056,True,310
1.559034694886502,0.09786480027214203,True,311
1.5726317336735245,-0.033401708629360816,True,312
1.5704754246919674,-6.681466576797431e-05,True,312
1.5352401938803657,-0.05867459408661455,True,313
1.5716546100161009,0.009168461891051593,True,315
1.5211629899514743,-0.0013058428206623673,True,316
1.570709849610502,0.004480704511824014,True,317
1.563246587429687,0.06323366395115015,True,318
1.6469655066464446,-0.00017643668528773766,True,319
1.5475987522162202,0.011173839066667144,True,320
1.5907232936563902,0.0012639331684567241,True,321
1.6372208615673782,0.14693499367324472,True,322
1.5426545049571947,0.01376391670666963,True,322
1.5707053358810008,-0.011035771384730508,True,323
1.5707108811377284,-0.0009658267434438741,True,324
1.5886012659803752,-0.06998912074875113,True,325
1.5516813646881396,0.06996337243138667,True,325
1.5752392495200556,-0.008158224154168925,True,326
1.5629642639734176,-0.008599157742397466,True,326
1.5588924376710853,-0.0299575477734082,True,327
1.5827170696618544,0.03043845020138443,True,327
1.5717400844642695,0.02807577734671273,True,328
1.6110171533906643,-0.05922742203843342,True,328
1.5749310107585546,9.127573189729017e-06,True,331
1.5706441458968017,-0.001269582546039596,True,331
1.646637546176476,0.018064071536532344,True,332
1.5790840623117475,0.052285384016007845,True,333
1.562499896685661,-0.05227834357461504,True,333
1.566384582518922,0.0015344286848460985,True,334
1.6195810044135706,-0.04951927668877057,True,335
1.5877780619321782,-0.013585879554696164,True,336
1.5668665477644979,0.014282065305000334,True,337
1.5628620202660053,0.001288287606459629,True,338
1.5332614355221161,-0.004489623355077565,True,339
1.5184468667509776,0.001650015552111213,True,340
1.5069937970675094,-0.07202428531066082,True,341
1.561981264615476,0.0018260906162871904,True,342
0.26387041750968315,0.07203310174128168,False,343
1.569926979506424,-0.001385840029217527,True,344
1.4943946500206577,0.12045040010499458,True,345
1.5727762713498994,-0.0006072171952735153,True,346
1.5708842131632377,-0.00030027206975759936,True,346
1.5474226253810195,-0.01368001808611922,True,347
1.516820008493418,0.0035684570932261474,True,348
1.2648901756356232,-0.00018463760472810388,False,349
0.403181670182229,-0.014480065023264406,False,350
1.5876452728563641,-0.03736892527100783,True,351
1.5674706831941565,0.0006955821255061981,True,351
1.570784301958447,0.0034138164565037667,True,352
1.5693437199905735,-0.03228382847777634,True,353
1.5715306730080132,-0.004279302840873847,True,353
1.571257650884054,-5.270236845545045e-05,True,354
1.5766880900726132,0.002386125257008299,True,355
1.5703724793901235,0.12222871246629592,True,356
1.5707233097318993,0.03347034920623696,True,356
1.5994766318524762,-0.045844782831408686,True,357
1.5712188038552153,0.023882433831792987,False,358
1.5773563718731525,0.032624883092276964,True,359
1.5709627394050578,-0.056365412950048245,True,360
1.4822048367473573,-0.09137196310021914,True,361
1.5710208612370682,-0.06123964564492078,True,362
1.5716963709665492,0.00034641243759582393,True,363
1.5626478424217967,0.015553667697703307,True,364
1.578496832826962,0.015552592572460347,True,364
1.5707113684549356,0.010199580726971231,True,365
1.5570803575514383,-0.003747365826647808,True,366
1.563695380707376,-0.0005221491146589279,True,367
1.5719068999033763,0.051611960793844676,True,368
1.571308864977041,-0.051864084027688315,True,368
1.5714449125175727,0.051786625190141176,True,368
1.5685550854033683,-0.025533205964316835,True,369
1.584263842350146,-0.03227522761577496,True,370
1.5741645970097597,-0.14856056363150436,False,371
1.6795369750591482,0.05316293100824024,True,371
1.5940163167107941,0.024895239283213244,True,372
1.5674400929199794,-0.004108135308538444,True,373
1.5834320624207325,-0.03299172894857889,True,373
1.5810033006992965,0.03428205062325282,True,373
1.5660051170484568,0.0039726031389701435,True,373
1.6393266571976706,0.03021824351306351,True,374
1.5709427245146967,0.00235053469863541,True,375
1.533053347993497,-0.08515842226830114,True,376
1.5894670700043527,-0.0006078301160723904,True,377
1.9496134352527466,-0.002645960558137818,False,378
1.5901856261961604,-0.005894256722778065,True,379
1.5227433951360787,-0.004650768917539708,True,379
1.1757190311887542,-0.16801331133321432,False,380
2.036583247011974,-0.19326471149251315,False,380
2.0366510828840254,-0.19349827543066633,False,380
1.175835255157389,-0.16814558589782044,False,380
1.5644545053285681,0.009435188610464067,True,381
2.98351699861752,-0.1398178578025926,False,382
1.5725329779397328,-0.032765429022861246,True,383
1.5707739191593966,-0.004774597028970891,True,383
1.5521380849552826,0.039558236666016336,True,384
1.5558032794878602,0.019358016413019045,True,385
1.5615612890458845,0.05627479125778225,True,386
1.5491862796860523,0.06762631994647875,True,387
1.5947036560766323,-0.04226171240436106,True,387
1.5501922256895628,0.05683924631687896,True,388
1.4822253135719572,-0.008280639345745827,True,389
1.5516218293299058,0.0010814448255985628,True,390
1.589745604424255,-0.0010656085021955542,True,390
1.6055814137203908,-0.0318359344926511,True,391
1.5076459577985177,0.10465366103690993,True,392
1.6158496977266819,0.06124307813496432,True,393
1.783862938189471,0.08239578513508812,False,394
1.548238500570106,-0.03005582697206417,True,395
1.6108208654237135,0.06551827290756089,True,396
1.5417601940977061,0.002217836437638309,True,397
1.573626862671972,0.010852049798042364,True,398
1.5632913192647004,0.0029443435449410856,True,399
1.5700483359847452,-0.07272033211258425,False,400
1.5749719839222014,0.03775299155526959,True,401
1.5644303022936434,0.0009977305323164095,True,401
1.5717362710853804,0.030431812867324735,True,402
1.5723000368195157,0.030564725249462084,True,402
1.6648046463609005,0.050290635538191894,False,403
1.5706622473257885,0.01413225421481539,True,404
1.5731364141547473,-0.05328432744774326,True,404
1.5734605544178042,-0.00528840346249138,True,404
1.5713634150776765,-0.09775582928817653,False,405
1.5708280175301397,0.09776134475629715,False,405
1.5933828582270717,0.001618429474452444,True,406
1.5731560202906119,0.00191962065916054,True,407
1.5576801032000287,0.031605917574724626,True,408
1.5708413944612716,6.65232014987584e-05,True,409
1.5596933679787766,-0.0016529841481860757,True,410
1.569710416574921,0.018816970727166354,True,411
1.5843167380044245,0.001994088541519591,True,412
1.5791256709118344,-0.00026514734936218694,True,413
1.5587362485940457,-0.12272908908486156,False,414
1.7439768562926086,0.010163908224234642,False,415
3.085687905074937,0.4090088051907381,False,415
1.5683534568891637,0.02481847276178664,True,416
1.5887244670022678,-0.000685022830868944,True,417
1.5714894232396677,-0.02593525322271358,True,418
1.6182450744424457,-0.0699830691054065,True,419
1.5708639588461333,-0.0438270378364135,True,419
1.6040591272801021,-0.03536949740243905,True,420
1.5699207698763034,0.008929522535242162,True,421
1.5806525230682613,0.0014493605735641099,True,422
1.4807674289231112,0.12291635398774554,True,423
1.5708316423426816,0.0019105490318769428,True,424
1.6053715823461816,0.0082100661317641,True,425
1.5702881329455947,-0.038701044458940945,True,426
1.570947701112747,0.06234528559595944,True,426
1.5670022586936032,-0.005738554110428588,True,427
1.5706899349004555,0.005433233188585658,True,428
1.574888392865959,0.00046603382593452783,True,429
1.5749996966216244,0.00055325022443457,True,429
1.5761902923834346,-0.00044800880159780366,True,430
1.5675431919067346,-0.010600417403904334,True,430
1.6612463668417128,0.004114079614155846,True,431
1.5707991110476551,-0.00016164432606488471,True,432
1.5309382192326102,-0.09399434184739101,False,433
1.570556601729453,-1.0551077060784877e-05,True,434
1.5708978655652228,-0.010905235227746583,True,435
1.5706573590294695,0.00034405327740859467,True,436
1.5623988729178149,0.007837429004896103,True,437
1.56109850136927,3.4878671402261903e-06,True,438
1.5754675552338304,0.028592755377507433,True,439
1.5704784670686032,0.0005438130748581276,True,440
1.5738392295360615,-0.030419157059854294,True,441
1.5700594831833659,-0.04708075845806474,True,442
1.5791870399351506,0.08538395546062683,True,443
1.5889006499342662,-0.03212402060082236,True,444
1.5906039020933265,-0.03594411826937635,True,445
1.5303879151385948,0.027264593853449863,True,446
1.5601898984869982,0.0034240071224716367,True,446
1.6360535687742852,-0.10368703343064893,False,447
1.5718872175871286,0.030300638488421384,True,448
1.5709911869348079,0.022608351646925432,True,449
1.5705903409335942,-0.0004974254848825748,True,450
1.5702530484642647,-0.032839113124647934,True,451
1.5703924713267838,-0.004179097154202196,True,451
1.5889520674019628,-0.026028287035738073,True,452
1.5832841236999857,-0.024436854786091,True,452
1.5696491848540413,-0.057568458392762714,True,453
1.5448302191546088,-0.0350194144103427,False,454
1.5720991358624041,-0.025781847593968572,True,455
1.6091606317428322,0.005013817206752749,True,456
1.5386996053099318,-0.004149172514932427,True,457
1.5193150637656387,0.029747640758097344,True,458
1.5989428796002347,0.03682110488128913,True,459
1.570722128556687,0.0017493011240351994,True,460
1.5731499952639336,-0.0019492520119879422,True,461
1.3823974787539168,0.008189862270315216,False,462
1.3820271173183556,0.00829573358374195,False,462
1.5700437107995475,1.0106871864469473e-05,False,463
1.5717919194776024,0.0006730551733609919,True,464
1.5707471983527959,3.665521068086491e-05,True,465
1.570467865307929,-0.02741998888989803,True,466
1.5591846848894906,0.004588328028428668,True,468
1.5600257737242997,0.0045274734186138135,True,468
1.5451972758817454,-0.12450276154301414,True,469
1.5741997655963549,-0.08734954465259194,False,470
1.567797918719884,0.014525999683350171,True,471
1.5254679523908519,0.0005299261786316365,True,472
1.5255915997153557,0.00048206335704198666,True,472
1.5703877320324564,-0.01045231434536143,True,473
1.5715314640340758,-0.0009923629898884333,True,474
1.5706584471218645,0.011117746207235126,True,475
1.5675560776281316,-0.0005622260427323783,True,476
1.5680004300700423,-0.027871844230864685,True,477
1.5803175551816306,0.02247401236101978,True,478
1.560979517982104,-0.028602915226039125,True,479
1.5682295602074838,0.0017233737211688727,True,480
1.5663108637538894,-0.00018480856934672367,True,481
1.566164132339425,-0.0003315255745751714,True,481
1.5175850605160808,-0.0013565924362931227,True,482
1.563455366758231,0.03940068699443349,True,483
1.3977332189635243,0.05444601370066455,False,484
1.6034221182984782,0.04137235024276396,True,485
1.5607559938555446,0.004644598383612313,True,485
1.568704045531879,-0.02744783070900837,True,486
1.6205833693702283,-0.003094301616608079,True,487
1.5742907334997858,0.09595797246555096,False,488
1.5671869869379769,-0.028506872900966256,True,489
1.571187456477484,-0.03365778419084484,True,491
1.572560402309569,-0.03463144578951112,True,491
1.6131221448676822,-0.004401641098649751,True,492
1.5287625462817218,0.004463528689605448,True,492
1.567563133388862,-0.0008704467676670702,True,493
1.5719421997938763,0.04362054497847751,True,494
1.5717520754392746,0.04371000194033992,True,494
1.5759706953815649,-0.00020119373820025872,True,495
1.5700746438894952,0.0008908269359532258,True,496
1.653272207994559,0.10976373437515574,True,497
1.570595581443986,-9.558366745147001e-05,True,498
2.931619668668891,0.18609832053087377,False,499
1.573142766347318,0.020983036680124287,True,500
1.5779824588557756,0.006054650816524927,True,501
1.577983914807263,0.00611397727857875,True,501
1.5696829778124686,-0.0014263302856239403,True,502
1.5471399140416497,-0.016512810530299394,True,503
1.5312551162382624,-0.024278512592059816,True,504
1.571042589787294,0.00016418000443886243,True,505
1.5809934809563662,0.08790624216877056,True,506
1.5987113879381072,-0.025342452856766336,True,507
1.5850118720672186,0.026464927070879083,True,508
1.5737087726916128,-0.03291932932936585,True,509
1.5702651932727925,-0.0008634827545269344,True,509
1.5708845688035284,-0.0001459630182029189,True,510
1.5547154807536145,0.05338940733245127,True,511
1.586734133682341,0.0534250494129139,True,511
1.5704486768370216,-0.002123110691549944,True,512
1.570858164842019,0.0021482472690028676,True,512
1.5708400972548953,-0.00030888001925259543,True,513
1.568110214511968,-0.040468942554676056,True,514
1.5612069570956673,0.045525005041633704,True,514
1.5515471869501694,0.007779581421400452,True,515
2.6554769616458263,-0.43769104134643405,False,516
1.5671736221955264,-0.032929392933483556,True,517
1.569067960261934,0.05915580966591509,True,517
1.6191175958477568,0.0552710295920355,True,518
1.567931779671747,-0.02301777750162755,True,519
1.568053119394985,0.02297227087608832,True,519
1.575279228291798,-0.004038160720555284,True,520
1.5004786026590191,-0.012241069527683194,True,521
1.5735717107204679,0.0034640406860454906,True,522
1.5671121623034039,-0.028395376235279098,True,523
1.570899009621116,-0.032675631338842936,True,524
1.5707796495383985,-0.011309435998158503,True,524
1.5301810640662272,0.014620206963984774,True,525
1.5737363285524046,-0.0014370396968355881,True,526
1.5731830701050755,-0.0004756975841415584,True,527
1.5705801643619395,-0.060593646561302075,True,528
1.5709376764289764,0.02611866416162541,True,528
1.5709653750867736,0.06563890797957429,True,528
1.5698258105182294,-0.0024225611476730905,True,529
1.5703172540192696,-0.002531683997263227,True,529
1.5586768145070433,-0.018029619771791162,True,530
1.5707835933784537,0.025075756749545333,True,531
1.5706652174300688,0.0009655230556321724,True,532
1.5665472305654067,0.02647737272160914,True,533
1.5651848852762138,0.07580227658183743,False,534
1.565223521441968,0.07581435415512613,False,534
1.5756321909780755,-0.0032330184788876026,True,535
1.5640644775650754,0.0008167191965910309,True,536
1.6713953940728843,-0.052355667422375136,False,537
1.5410743973869845,-0.07225046287070311,False,538
1.5630352540947785,0.004115501676736108,True,539
1.5630417645385435,0.004100783696912879,True,539
1.5752996864600597,0.0024104093627430457,True,540
1.5651239467081384,0.00038200926063858596,True,541
1.5694196246328842,0.00016614323301542737,True,542
1.5702577700534184,-0.00032454198617452433,True,543
1.5704178832754014,-0.027493901736795685,True,544
1.570812285885222,0.02477019597492881,True,544
1.5741085293934716,-0.036172726302881944,True,545
1.569447424259206,-0.00028732502702445717,True,545
1.5719520748298006,0.029028034126940844,True,546
1.51663772166458,0.03420881003627959,True,546
1.571451531629384,0.002897177001313076,True,547
1.5819677989722125,0.007818703651976512,True,548
1.536676612520263,0.06891135400941698,False,549
1.5309473807825535,0.02854262035945248,True,550
1.5708802344960642,-0.0,True,551
1.5633308695930581,-0.01245287739196651,True,552
1.58936575052117,0.026855967830244062,True,553
1.4488795730679938,-0.020000662779701913,True,554
1.5624353562938404,0.012549321432896759,True,554
1.5693073556874648,-0.000986133351050276,True,556
1.570618471841531,-0.014911585880666123,True,556
1.5870537021030955,-0.04172288876503488,True,557
1.5074186930584794,0.05136258122717582,False,558
1.5701105330330078,0.0003446924857961772,True,559
1.4825544723984745,-0.042843882378614744,False,560
1.5828594768616808,-0.0012668378411955785,True,561
1.5679024044927052,0.01615845015133938,True,562
1.5708920683081127,0.010160200982539993,True,563
1.5722849400559578,0.011111546254175177,True,564
1.5759696398624272,0.07888672150959941,True,565
1.6102528420305702,-0.04057060291245955,True,566
1.5659033825563518,0.023725371638988683,True,567
1.616142316529415,-0.11609651693871595,False,568
1.5946228425062814,-0.03621418913815198,True,569
1.5755298469918178,0.030194227983958113,True,570
1.5733638934897105,-7.66534413660348e-05,True,571
1.533057971588909,0.06854303551778439,True,572
1.5592584358756565,0.044696566916297864,True,573
1.5676544774858323,-0.07104953316470386,True,574
1.5706812380763766,0.00248598364140253,True,575
1.576724754908037,0.0006966603492363167,True,576
1.5740810336136415,-0.001069244972818384,True,576
1.5592042186009283,0.04323690600523199,True,577
1.5710629932076592,0.029751744643547618,True,578
1.570545335530404,-0.03466924678687,True,578
1.6093756474775134,-0.05611677830710173,True,579
1.3186743010712318,0.01354790565666283,False,580
2.961807415858395,-0.02367464104256513,False,581
1.5693161571731167,0.0012747255959058487,True,582
1.5720084017568716,0.018511225096594378,True,583
1.5835810784723499,0.0033593610971343773,True,584
1.5491596163267753,0.0019689498037063565,True,584
1.571463559087018,0.0006248624285826561,True,585
2.671296659369552,0.06198948973144081,False,586
1.5727094829289288,0.002904491191422744,True,587
1.562398532700063,0.010588955940897116,True,588
1.570812574358624,0.0005354507637732296,True,589
1.5219167528807271,0.04770592175485461,True,590
1.6033727880817934,0.006156496262799196,True,591
1.5517922894865999,-0.00521969060356913,True,591
1.5800267091124098,-0.0024524849528402793,True,591
1.5596177886271116,0.023139534708866278,True,592
1.5721929383426627,-0.0015918495753274326,True,593
1.5785864468485296,0.02760386862840999,True,594
1.4807185839648098,0.007111928003797511,False,595
1.5684330562403346,0.0358628180064982,True,596
1.621393841595327,0.052409556815579614,True,597
1.5725422250561034,0.0009318642688944097,True,598
1.5566199990650877,0.0018172375073679963,True,599
1.5707723595824499,3.29963741630989e-05,True,600
1.4054530604647066,-0.12883922539566783,False,601
1.5364630184753683,-0.020267052110041137,True,602
1.546907379146476,-0.028371665965695216,True,602
1.5700848212620242,8.447340001221926e-05,False,603
1.5554509195912756,-0.0009186063457663677,True,604
1.517908218413642,-0.04241655866939704,True,605
1.5805948735277398,0.0020703348876190916,True,606
1.8767314261285266,0.01870501838821217,False,607
1.5588899431751153,-0.006767819043040269,True,608
1.5734212058606956,0.001193954478145339,True,609
1.6202969180730145,-8.721062743613424e-06,True,610
1.5208697402463378,-0.0001743449298635945,True,610
2.9685221095146477,-0.005388561030091707,False,611
1.5656243979950544,0.014687294862414194,True,612
1.5707827407721477,-0.0004416265581067276,True,613
1.5733578500193104,0.03176594275164627,True,614
1.5430111992263984,0.01568743453534269,True,615
1.5664990189880446,-0.023371162976118364,True,616
1.5555810447986413,-0.006700241019140929,True,617
0.4212759146516491,-0.02497707648221974,False,618
1.5628168010825025,0.00041085881454476416,True,619
1.5804786943646765,0.02446995952729804,True,620
1.5686978794140372,-0.03241801506695598,True,621
1.5714112035256431,-0.004773401720692512,True,621
2.2349101515457424,0.38885949944271214,False,622
1.5730265740114844,-0.003164766825808461,True,623
1.563442438304757,0.05657512675887601,True,624
1.5708215757356718,0.006579767421911358,True,625
1.536306483224614,0.05627623093998944,False,626
1.571063196555554,-0.000509825832015868,True,627
1.528258989460512,-0.07816952181927496,True,628
1.5283116498901463,-0.07825029188593273,True,628
1.5703934293837631,0.0011381965911471188,True,629
1.5818524480358476,0.016349763136350302,True,630
1.5551060105289525,-0.028273554531691406,True,631
1.445902097504954,-0.05529222108948329,True,632
1.6876950462070652,-0.0827957839597958,True,633
1.5709733902551317,0.009898016699827568,True,634
1.5980221486319648,-0.013526214714024966,True,635
1.5462566452596949,0.04105120107316492,True,635
1.5808694330759963,0.03562047082171637,True,636
1.580929062319423,0.0357343907743582,True,636
1.5708669815875695,-0.0005389808798976517,True,637
1.5928453937607145,0.0006469515950321457,True,638
1.5485802985257433,-0.00035025880400552307,True,638
1.5927591823037759,0.000488980233215078,True,638
1.5487472651536782,-0.0004296436987849189,True,638
1.579046637323389,0.00044127221536600583,True,639
1.5689366598778665,0.002486884596508388,True,640
1.5849725029531518,0.024695692548903626,True,640
1.5779771877665238,-0.029347423016775755,True,641
1.5178590104244556,0.008108923351848625,True,642
1.5707539268874473,0.0030788973033151175,True,643
1.570957264920922,0.0003174910764961977,True,644
1.5703998244685469,0.00024320315959153104,True,645
1.5144861599915629,0.019312768459678695,True,646
1.5690399928686132,0.037174744581493974,True,647
1.719123775211593,-0.020421139193805466,True,648
1.5142564203203852,-0.03849086506267335,True,648
1.475339501131288,-0.026691501381399623,True,648
1.3642027563427315,0.0010092017723050718,True,648
1.5314000453975194,-0.028489652349764586,True,648
1.5335761790717575,0.02868601790190709,True,648
1.5713716067783372,0.0002479881983742159,True,649
1.5597500420184751,0.08526212408122284,False,650
1.5630134187254485,0.01949530871688197,True,651
1.5711954592276205,0.010606140143675669,True,652
1.5552339511461901,-0.011496836047054813,True,653
1.5709111536733005,-0.00031968056953754823,True,654
1.5873285621218503,0.016385667988181876,True,655
1.5873211333899586,0.01638983951603832,True,655
1.567456344492309,0.007673109111146738,True,656
1.5773286626451024,0.0007654151657284282,True,657
1.5910547626562186,-0.0067215394756235235,True,658
1.6066457166028043,-0.0028678674113501424,True,659
1.5660826904789404,-0.07366231222542968,False,660
1.6402429965339056,0.06482587961670275,True,661
1.8997590114047014,-0.12097154055256037,False,662
1.568291094124836,0.03651211450775789,True,663
1.5711528566780562,0.03135604135882021,True,664
3.043175071090924,2.4168619241802767,False,665
1.7190235102564482,0.05993824601889617,False,665
1.5704758308257343,0.0040488094698053895,True,666
1.5698104250782046,-0.004098450708898267,True,666
1.6473177172034263,0.11883709589042012,True,667
1.5733179472964225,-0.015952743486020046,True,668
1.5808648949405286,0.017121039469654407,True,669
1.5669033065251223,-0.028352794846192797,True,669
1.5718561372987763,-0.029826878547824138,True,670
1.5709739157819032,-0.0005887540444080019,True,671
1.5708202960981723,-0.009062859176393408,True,672
1.5707849644616427,0.036060900307346454,True,672
1.6122230399568174,0.032214995914921433,True,673
1.5815073497836185,0.038120884384441285,True,674
1.5686467854566735,0.008983299704191865,True,675
1.5694190878305632,0.03331924472187298,True,676
1.5696386223611662,0.03791835716881292,True,677
1.5656227163871328,0.0225076937677596,True,678
1.5696881811635233,-0.022896744665540873,True,678
1.5875029646852379,0.03563741253657516,True,679
1.5664502006810825,-0.00022224771997723664,True,679
1.5697355066356267,-0.032010710688833946,True,680
1.5716820518607346,-0.0034040087069271987,True,680
1.568809922168682,0.017740975374604673,True,681
1.570021318676433,0.02307125269069356,True,682
1.570702716951429,0.009582142251359126,True,683
1.7728019197195741,-0.03874265506352709,False,684
1.5654999491968105,0.0001628805183623225,True,685
1.5773917273532618,0.00016487145436064985,True,686
1.5707364309742191,0.05214597849092173,True,687
1.5704380402113107,-0.05278973489864259,True,687
1.569815813010353,-0.0016189400781030882,True,688
1.565327249176383,-0.0037143509533383297,True,689
1.574241856798261,-0.0005327576748938754,True,690
1.5749060849626975,0.0023070094380998447,True,691
1.574705048417487,-0.0020729490727671,True,691
1.566976349437852,-0.0025867073766596247,True,691
1.5952646643703383,-0.04862774828487249,True,692
1.5862001838923767,0.04567271197156714,True,692
1.5708001444606507,0.0002925797340316845,True,693
1.5706995645456279,0.00040427960962335707,True,693
2.9914675553790104,-0.3669292953732572,False,694
1.5841239591958942,0.00162227832113857,True,695
1.5623411620848975,0.0020696894362952976,True,696
1.4339438708470358,-0.11128352603539066,False,697
1.5717591652579228,-0.02232847207321884,True,698
1.604301717856618,-0.010838636175998922,True,699
1.5774975095254948,-0.07792060747093525,True,700
1.5827960186476586,-0.08393187277698665,True,700
1.571145636496396,3.673181422643746e-05,True,701
1.5710071881355268,0.00016909128465264982,True,702
1.565417610859269,0.001529494609747915,True,703
1.6295385926442052,-0.05673859582896685,True,704
1.570766862872804,0.06363552105068782,True,705
1.5635502799121317,-0.06918047073340652,True,706
1.5711346362834948,-0.00025987970793338815,True,707
1.6471261919678932,0.12169053594187719,True,708
1.4718634889353799,0.021640453217608838,True,709
1.5824161948288757,0.03286677726275857,True,710
1.577760271118479,0.019987980247316618,True,711
1.5673713089282515,0.027634613478179547,True,712
1.5695868742326384,0.007901678337374906,True,713
1.5569261986662097,-0.02795707096041592,True,714
1.5583903616225032,-0.0032114307627629916,True,714
1.5703588007534866,0.05187791610229245,True,715
1.5707963267948966,2.4383998696329198e-05,True,716
1.6696621217136838,-0.005410992545042465,True,717
1.5766133788697125,0.0007786219119994683,True,718
1.599243782489248,-0.0009376752248828249,True,719
1.5538234005350848,0.0158064543724124,False,720
1.5624762208867642,-0.02047459454201168,True,721
1.5787925718043951,-0.012753895432667932,True,721
1.5703057528563653,-0.0017412593647296436,True,722
1.570159076147772,0.004307409108714391,True,723
1.65159788788468,0.11975706849128462,True,724
1.4870266175397655,-0.014556537747200136,True,725
1.5781154178828116,0.03276252047539075,True,726
1.5722012019418563,-0.00037166019041908735,True,727
1.676629787732063,0.07017132794300783,False,728
1.4909222606916022,4.887415151646465e-05,True,729
1.488902026221708,0.07693407720041322,False,730
1.5140036179569705,-0.022217706475347244,False,730
1.5742264251268496,-0.031051283028854165,True,731
1.5296047776874588,0.061751440896823315,True,732
1.570854605486795,-0.08358624064308345,True,733
1.6668762783210358,-0.02781729926586947,True,734
1.5708461600385655,-0.0010176775167993204,True,735
1.5824685682091766,-0.028720559509005462,True,736
1.5225131299428085,0.05468478130555148,True,737
1.5720116472282342,0.0037167496351986355,True,738
1.5945268841420728,-0.00354254986950339,True,739
1.5711438918609761,-4.564481007480684e-05,True,740
1.5713520866615713,2.5692586349367644e-06,True,740
1.5713713446479594,0.01087098515489797,True,741
1.5714845964406576,8.548979747277485e-05,True,742
1.5704599368296701,0.03277560766301197,True,743
1.5711203764087232,-0.009794180756042596,True,743
1.571465555062313,-0.009854693804494503,True,743
1.570774923155827,0.032762970964487624,True,743
1.5623316473772972,-0.002666012067769209,True,744
1.5809190486866116,0.0013740940666178594,True,744
1.579357755604061,-0.002582354744557559,True,744
1.5807239962720725,-0.0013991974851982108,True,744
1.5709851546658338,0.030528834204614375,True,745
1.6139975170717618,0.05870022982348307,True,745
1.5715925369626904,-0.0014663056546236563,True,746
1.5652000127786985,0.0015988276688767825,True,747
1.5732554997294066,-0.0009862081477109536,True,747
1.5630691778573873,-0.015070159809381204,True,748
1.5711328479650615,0.0033311591979780088,True,749
1.5465817984439143,0.008871792588812611,True,750
1.5701291652472749,-0.0005259482862074988,True,751
1.577134386898329,0.003230817430675576,True,752
1.570715282825426,0.0062671433270153655,True,753
1.5711487363573478,0.03631276686117665,True,754
1.570964111513922,0.04729797591598779,True,755
1.5266458477380929,-0.020410768269973355,True,756
1.5505973415796404,-0.036724691387215305,True,756
0.34354070351098503,-0.24807560367887427,False,757
1.5663316280005024,0.03162366577451325,True,758
1.571775811829423,0.03226442122751711,True,759
1.5555433335732003,0.031817666047126145,True,760
1.567206376178653,-0.0024719597642335906,True,761
1.5694870070611557,0.030554357768266333,True,762
1.6137949597302037,-0.00766821134063141,True,763
1.5708265320942725,-0.024888636497821873,True,764
1.5823536209898983,0.0383523715116806,True,765
1.5687072320509494,-0.0005801036684017674,True,765
1.6096455205805171,0.00490240683313462,True,766
1.571918626180918,0.0012727096306942595,True,767
1.5583394583707955,-0.03851086015279101,True,768
1.5378889030270442,0.04510353056754609,True,768
1.5474324216946578,-0.05065848339921448,True,768
1.56797417345772,-0.034377872070950166,True,769
1.5514022693665557,0.02652515500846457,True,770
1.453062712561418,0.030294749594334407,True,770
1.5708083426170647,0.0003696712579471955,True,771
1.5665487017069064,0.007042574758013271,True,772
1.572204480848933,-0.026173020365832047,True,772
1.56678997309584,-0.03556948970520946,True,772
1.56967381131871,0.026115075454100134,True,772
1.5748943659161003,0.035739955944474336,True,772
1.5749377373513125,-0.007229663496480312,True,772
1.6072369137259928,0.036390585832074614,True,773
1.570925370492894,0.00802017138207617,True,774
1.5709992971141726,0.008125876768606205,True,774
1.5707693537204468,0.008077335949735254,True,774
1.5467938769033576,-0.07661922378695417,True,775
1.5642186739105965,-0.06046787130182205,True,776
1.5644428884948638,-0.06032129735321866,True,776
1.5691841518157907,-0.009627221579442171,True,777
1.574320996646095,-0.03477487712344831,True,778
1.4760659534530702,0.03884772044298279,True,779
1.5031300520400808,0.07129890252084606,True,780
1.5648307165604252,0.003925575505270181,True,781
1.5584383321734876,0.0006662978011230904,True,781
1.577388655531022,0.014661244171486974,True,782
1.5996467754862775,0.026974185557957765,True,782
1.5710367762252075,0.03083779883550582,True,783
1.5646836536860802,-0.0441274175308634,True,783
1.523519375255894,0.06788655658413484,True,784
1.5709344230726345,-0.00026714591386735266,True,785
1.5729109624919537,0.001628480042041752,True,786
1.5711964779598517,-0.0005185178640212254,True,787
1.419445908858301,-0.05582884544138742,False,788
1.5693822834514897,0.024095316651046177,True,789
1.5947817031250164,0.006734944554145759,True,790
1.414145104906487,-0.1279497397002183,False,791
1.7078423002798289,0.0030043179029152207,False,792
1.570707428208644,0.0006912984167334341,True,793
1.5708766032272414,0.02919362525356933,True,794
1.6499367830089138,0.11852739213024967,True,795
1.5707582568646976,-0.047724117756324874,True,796
1.571310390488342,-0.032123395544363324,True,797
1.570833123811356,-0.0017134961236290906,True,797
1.5674059789681258,0.0047621808292798735,True,798
1.5706926953961742,-0.02522736284685409,True,799
1.5756694549324424,1.9810017230735412e-05,True,800
1.5517124359533883,-0.018781820688790994,True,801
1.0208356381479546,-0.22607910027376915,False,802
1.615750083479023,-0.06262335598812077,True,803
1.5710186026364856,-0.00014216118810250723,True,804
1.4139969354947268,-0.015106204013354066,True,805
3.0162873163907507,0.26831213020328626,False,806
1.5707055653200428,0.00015606328744496558,True,807
1.5697197769472273,0.0004836347123398149,True,808
1.5509917557496398,0.03537864916684755,True,809
1.590483815432509,-0.035542014284597155,True,809
1.5707446042862345,-0.05618261525370098,True,810
1.5716515989863105,-0.016102006961911497,True,810
1.5713620744081371,0.05161682017463482,True,811
1.5405363421907328,-0.018416784797944754,True,812
1.6178342423677807,0.0971637681937058,True,813
1.5907551414179175,-0.01190820051012257,True,814
1.5708320468079324,-0.00040347698693863195,True,815
1.540992643199418,0.0006975405696573446,True,816
2.1490207016320055,0.22522925174239594,False,817
2.107522269809649,-0.2851051097819386,False,817
1.571486302567362,-0.03149715707389365,True,818
1.5912578378392677,0.03678419077701513,True,819
1.5776580511446083,-0.011888736543286683,True,820
1.5889549146749617,-0.09445808786575918,True,821
1.5834888112039613,-0.0028680369580785384,True,822
1.5828562355104578,-0.0028757943352226414,True,822
1.7497472153157974,0.07671781183801955,False,823
1.2417756719283517,-0.0016073294161354729,False,824
1.2264850512410441,0.012275675412556804,False,824
1.2264781131201727,-0.012109442642587957,False,824
1.9205231700860612,0.009855794741817019,False,824
1.9204606435249552,-0.009712560687454833,False,824
1.2416791144453208,0.001591043997973237,False,824
1.4070857334304414,-0.05912055437757542,True,825
1.737719648694759,0.059089797949121545,True,825
1.549647933465136,-0.03146970068276623,True,826
1.5863829401939509,-0.012729355884397133,True,827
1.6085248983087053,0.11557358173854615,False,828
1.6272165131893979,-0.06922677183695969,True,829
1.5497456794595403,-0.04554235582762349,True,829
1.604406867555889,-0.002371901833286779,True,830
1.536629808859448,0.002479424008699663,True,830
1.436284734738465,0.015270674119291325,True,831
1.7634677373115315,-0.008006900249688621,True,831
1.547278970254444,0.01702270204747888,True,831
1.571075022723207,0.0023304532272592137,True,832
1.565438424351119,-0.003893546794021706,True,833
1.5362417489036,0.007083574661506935,True,834
1.1499354146474523,0.013974892757856922,False,835
1.5827045875653623,-0.055695786601548405,True,836
1.551995217065197,0.018384552585762447,True,837
1.6058808701891787,0.06469280864489842,True,838
1.5696257194088348,-0.03219925927811417,True,839
1.5715007342184708,-0.002691489317217527,True,839
1.5774266827223615,-0.06959331203371974,True,840
1.5698348513903575,-0.027696213164604168,True,841
1.5693377479343942,0.04109518673476767,True,841
1.5695769619677538,0.041185857944551235,True,841
1.569156592037795,-0.0277312763382274,True,841
1.0190301410827916,0.05482101962215498,False,842
1.567477302256746,0.0016993442137550833,True,843
1.5707465557820668,-0.0001992731859743753,True,844
1.5333563133522081,-0.10324203496920578,False,845
1.5627197128586297,0.0013826974208096207,True,846
1.5686144752589908,0.036497275924457645,True,847
1.5775437920152253,-0.028994867898073543,True,848
1.5664931305760406,0.0007844034528679549,True,849
1.5741389621936797,0.0006789948927118658,True,850
1.566739781224609,8.762290942956702e-05,True,850
1.6118861299007703,-0.07964197775747459,False,851
1.5841184725877566,-0.0268859544232596,True,852
1.5572454999825598,0.02690290174562495,True,852
1.5848592509554995,0.029736700981421706,True,853
1.6073357963552917,-0.03220775312275412,True,853
1.5507629884925318,-0.0045149666543463415,True,853
1.5616837457670463,-0.02597095787578073,True,854
1.5708324982767132,-0.0010374112100059274,True,855
1.556408378689496,0.001089305222352562,True,856
1.5708365778910351,0.0009548444978441772,True,857
1.5774245203487394,0.00543762151798528,True,858
1.5662950727546883,-0.004066459236732933,True,859
1.5658001214984085,-0.003562079506488362,True,859
1.1286757360490958,-0.17929005682560387,False,861
1.9794974063294608,-0.1588252056451807,False,861
1.567460004412076,0.001866554710069551,True,862
1.5731195856976306,-0.011781734648708115,True,863
1.5699465559068426,-0.10544678997608319,False,864
1.5492814383765303,0.0681894108846641,False,864
1.3717187261684844,0.004661298067787057,False,864
1.553915509289911,0.0026155008760260336,True,865
1.5712226697205056,0.0010514739201919487,True,866
1.5701649910248126,-3.976244115650412e-06,True,867
1.5683235550828232,0.05871372418823759,True,868
1.570724229074058,-2.418091032642421e-05,True,869
1.5678588009398216,0.11188764664655114,False,870
2.953649064164547,-1.6311828291016193,False,871
1.3951783450879809,0.03071614635608367,False,872
1.5661192898215721,0.004078743916549166,True,873
1.5521644456120334,0.0003611679753619247,True,874
1.5803780322279144,0.04111717451682598,True,875
1.5695358805189172,-0.0014506886833731117,True,875
1.581714996801093,-0.018053995581734993,True,876
1.5752674487798486,0.015565420047158938,True,876
1.5801921641910974,0.00020728953114466066,True,877
1.5711843501986698,7.303802918607041e-07,True,878
1.5792562258539748,0.025633401415532008,True,879
1.560979021697042,0.02295387752494625,True,879
1.5625594020469222,0.0009190528315360834,True,880
1.5784051893890896,0.0010008425060573755,True,881
1.5298716025808954,0.06301408382734082,True,882
1.5678315246288865,-0.001008339094428641,True,883
1.5332190042228457,-0.005605903742406076,True,884
1.6093037460561161,-0.0054280752825802935,True,885
1.5683335231089957,0.001032015788494664,True,886
1.548119253769887,-0.014215503088026387,True,887
1.5688867071279473,0.0008194751342094509,True,888
1.5717477904331254,-0.02317896223086295,True,889
1.5696182891994956,-0.02314124211591766,True,890
1.5715311288628213,-0.002684446278017863,True,891
1.5697752274891925,0.027513880374294895,True,892
1.5699369348480576,0.02432821368341851,True,893
1.5703112050754746,0.02738647534097106,True,894
1.5539459667042017,0.0012549394680126489,True,895
1.5729367841981508,-0.016803768240312277,True,896
1.5655682889907099,-0.0027435925119079713,True,896
1.592823379955421,-0.015179059751744056,True,897
1.5831496303977206,-0.007553532191501447,True,898
1.5717742533403791,-0.024099152039777267,True,899
1.568108514138078,-0.05045492850532441,True,900
1.568130425313545,-9.850817684966939e-05,True,901
1.5739556681905977,-5.00432679889557e-05,True,902
1.5769312530946278,-0.0024817910982589306,True,903
1.5715415502136865,-0.0005590978696847159,True,904
1.5718949624541139,0.003210635926399779,True,905
1.5929880820639877,-0.027175923600914125,True,906
1.5729829135922233,0.0006759714862141149,True,907
1.5733650781866204,-0.00043502475583006824,True,908
1.54365919649359,0.01031879775149628,True,909
1.5413509844779811,-0.00969691126399661,True,910
1.5668478928293614,0.0014402812494341102,True,911
1.5723907505359642,-0.0005371183977584663,True,912
1.593899038317928,0.015358395368329125,True,913
1.587063535831573,-0.006654437344616174,True,914
1.5867574428025584,0.006670227593506668,True,915
1.564628479414248,-0.001266661610908129,True,916
1.589641309197067,0.01232850584508595,True,917
1.5391231794507438,-0.016287455229870067,True,918
1.561734143766687,0.040845708451237306,True,919
1.568247043238884,-0.0006944861423217742,True,920
1.6214350100507133,0.01846922925772723,True,921
1.5672633685672752,0.0004140823824134787,True,922
1.5674828422261262,-0.0005547422408566908,True,923
1.5702068216305844,0.003895874698085842,True,924
1.594481459413849,0.013739374333377566,True,925
1.5823962561093323,-0.001235718885439263,True,926
1.5583326655523129,0.013040529888092163,True,927
1.5748644991956526,-0.00021170485926062698,True,928
1.5779865124771602,-0.003425567490574033,True,929
1.5840166743386819,-0.012172200849687,True,930
1.564823586685181,0.0032946089253717294,True,931
1.5848786443200238,0.013626650098707751,True,932
1.5741817375044278,-0.0014302425001611564,True,933
1.5675396213376243,0.009969266559364866,True,934
1.5611196688340485,-0.021837432205048246,True,934
1.5687761532850824,0.012136519306707883,True,935
1.5717524058689574,0.02326559603082086,True,935
1.5847151193921236,0.02535188375062144,True,935
1.5692401084005823,-0.01097852349942265,True,935
1.4215817146836545,-0.018165110436293878,True,936
1.6726148671253065,0.02010797119639153,True,936
1.562153709585655,-0.0001554762405835877,True,936
1.5754312110973046,0.02368667631682116,True,937
1.5648010197915168,0.001168598898643665,True,938
1.578748999751257,-0.009282995206999852,True,939
1.5786902625784442,-0.009329752775053709,True,940
1.5749525439936023,0.0036132120819261215,True,941
1.5693735894457586,-0.011872968672074288,True,942
1.571826315393559,-0.02342244080932376,True,942
1.5569615469848836,0.02543701868600159,True,942
1.5718726537379877,-0.011358333268959993,True,942
1.562367433538059,0.02545791268515147,True,943
1.5823253570561704,-0.007565340103630773,True,943
1.572300680291323,0.013300336727042365,True,943
1.5766987956273468,0.004303077898585715,True,944
1.5736363458841323,0.02077765300860925,True,944
1.5618994794325294,-0.021862474100349843,True,944
1.6168378380216184,-0.00020570955852155286,True,945
1.4785176656464403,0.013854964433017158,True,946
1.6368348580504555,0.009183067010655278,True,946
1.5892297289883723,-0.008152482510275724,True,946
1.5731215759672612,-0.0007949771514535632,True,947
1.5684462933062744,-0.0008748466627416042,True,948
1.570787487957264,0.033897926070099366,True,949
1.5819358846159532,-0.010810575554491277,True,950
1.560292203015992,-0.01071462130323809,True,951
1.5713002837263252,0.0005194363146505065,True,952
1.5732187842401837,-0.0010724118456511404,True,953
1.572982765386145,-0.0009369867224660625,True,954
1.5719575153598015,0.016382792424831445,True,955
1.5710519361017194,-0.02660280675226556,True,956
1.5705710114250107,0.0004723626726235332,True,957
1.5736205463325192,0.0008589277742494993,True,958
